image_name,image_size,I_corr_h,I_corr_v,I_se,I_chi2,If_corr_h,If_corr_v,If_se,If_chi2,Im_corr_h,Im_corr_v,Im_se,Im_chi2,npcr_If_I,uaci_If_I,mae_If_I,npcr_Im_I,uaci_Im_I,mae_Im_I,npcr_Im_If,uaci_Im_If,mae_Im_If,embedded_bits,capacity_bpp,extraction_success,psnr_recovery
Baboon (2).bmp,512x512,0.866542,0.758734,7.358337,187356.57,-0.001712,0.002429,7.999289,258.41,-0.001715,0.002429,7.999235,277.92,99.6082,27.8575,71.0367,99.6109,27.8574,71.0363,6.2099,0.0244,0.0621,32528,1.6893,True,inf
Jetplane (1).tiff,512x512,0.966317,0.964127,6.702463,717779.34,0.000658,6.6e-05,7.999321,247.5,0.000655,6.4e-05,7.999344,239.16,99.6147,32.5046,82.8867,99.6143,32.5045,82.8865,2.6077,0.0102,0.0261,13788,4.4669,True,inf
Lena (2).bmp,512x512,0.971926,0.985029,7.445061,158349.36,0.001414,0.002549,7.99933,242.71,0.001388,0.002546,7.999246,272.72,99.5911,28.6078,72.9499,99.588,28.6075,72.949,8.5892,0.0337,0.0859,45088,4.0984,True,inf
Tiffany.tiff,512x512,0.938223,0.940348,6.600938,530208.94,0.000998,0.003295,7.999222,282.7,0.00101,0.003313,7.999223,282.83,99.622,37.189,94.8318,99.6178,37.1888,94.8313,9.6394,0.0378,0.0964,50404,4.2051,True,inf
